,Program,Month,Submission counts
0,Uncategorized,2,7
1,Uncategorized,3,2
2,Citizenship,4,184
3,Work Permit,4,922
4,Visitor Visa,4,492
5,Study Permit,4,798
6,Sponsorship,4,552
7,Uncategorized,4,5
8,Quebec,4,62
9,Working Holiday,4,183
10,PNP,4,370
11,Other,4,1232
12,Express Entry,4,1294
13,Public Policy pathways,4,61
14,Uncategorized,5,2
15,Uncategorized,6,2
16,Uncategorized,7,1
17,Uncategorized,8,1
18,Uncategorized,9,19
19,Uncategorized,10,98
20,Uncategorized,11,240
21,Working Holiday,12,975
22,Study Permit,12,6639
23,Visitor Visa,12,3538
24,Sponsorship,12,6122
25,Quebec,12,518
26,Public Policy pathways,12,176
27,PNP,12,1354
28,Other,12,7661
29,Meta,12,380
30,Express Entry,12,11220
31,Citizenship,12,1732
32,Work Permit,12,5908
33,Uncategorized,12,11071
